engine,seconds,rows_loaded,rows_cleaned,open_ranked,areas_scored,error,dataset
pandas,0.5228426840003522,50000,49629,30049,12,,50k
cudf,0.64217681800028,50000,49629,30049,12,,50k
pandas,3.2623542350002026,500000,496132,297526,12,,500k
cudf,1.1605090709999786,500000,496132,297526,12,,500k
pandas,15.469364598999618,2000000,1984082,1189064,12,,2m
cudf,2.4522467090000646,2000000,1984082,1189064,12,,2m
